district,community,method,projects,contracts,share
Al Safouh First,Sufouh Gardens,project-overlap,4.0,101.0,1.0
Al Yufrah 2,Madinat Hind 4,project-overlap,16.0,78.0,1.0
Al Yufrah 3,Madinat Hind 4,project-overlap,7.0,44.0,1.0
Saih Shuaib 2,Dubai Industrial City,project-overlap,4.0,195.0,1.0
Wadi Al Safa 6,Arabian Ranches I,project-overlap,5.0,73.0,1.0
Al Barsha South Fifth,Jumeirah Village Triangle,verified seed,22.0,1465.0,0.8835946924004825
Al Barsha South Fourth,Jumeirah Village Circle,verified seed,216.0,14588.0,0.9974018870504581
Al Barshaa South Second,Dubai Science Park,verified seed,6.0,677.0,1.0
Al Barshaa South Third,Arjan,verified seed,48.0,5029.0,0.9885983880479654
Al Hebiah Fourth,Dubai Sports City,verified seed,,,
Al Hebiah Second,Dubai Studio City,verified seed,10.0,1225.0,0.9935117599351176
Al Hebiah Third,Damac Hills,verified seed,,,
Al Jadaf,Dubai Healthcare City - Phase 2,verified seed,,,
Al Khairan First,Dubai Creek Harbour,verified seed,,,
Al Thanayah Fourth,Emirate Living,verified seed,15.0,1572.0,1.0
Al Thanyah Fifth,Jumeirah Lakes Towers,verified seed,,,
Al Thanyah First,Barsha Heights,verified seed,7.0,1189.0,1.0
Al Warsan First,International City Ph 1,verified seed,19.0,2549.0,0.8903248340901153
Al Yelayiss 2,Town Square,verified seed,,,
Hadaeq Sheikh Mohammed Bin Rashid,Dubai Hills,verified seed,,,
Jabal Ali Industrial Second,Down Town Jabal Ali,verified seed,,,
Madinat Al Mataar,Dubai South,verified seed,,,
Marsa Dubai,Dubai Marina,verified seed,,,
Me'Aisem First,Dubai Production City,verified seed,,,
Nadd Hessa,Silicon Oasis,verified seed,29.0,2836.0,0.9996475149806133
Warsan Fourth,International City Ph 2 & 3,verified seed,15.0,615.0,1.0
